date,author_name,content
Tue Mar 31 11:13:40 +0000 2026,FinancialJuice,Trump urges countries to go to Hormuz straight and take it - Truth Social
Tue Mar 31 11:13:09 +0000 2026,FinancialJuice,🔴Trump to other countries affected by Hormuz: Get your own oil
Tue Mar 31 11:12:51 +0000 2026,FinancialJuice,Trump on Iran: Countries should buy oil from the US
Tue Mar 31 11:11:57 +0000 2026,FinancialJuice,"🔴Trump: All of those countries that can’t get jet fuel because of the Strait of Hormuz, like the United Kingdom."
Tue Mar 31 11:07:06 +0000 2026,FinancialJuice,Gcore: GPU virtual machines on NVIDIA AI infrastructure. $NVDA
Tue Mar 31 10:16:19 +0000 2026,FinancialJuice,Qatar foreign ministry spokesperson: Our understanding is that there is a unified stance in the Gulf on ending escalation
Tue Mar 31 10:03:01 +0000 2026,FinancialJuice,EU clears Netomnia and BRSK assets sale to Liberty Global and others
Tue Mar 31 09:53:56 +0000 2026,FinancialJuice,EU and Australia start talks on Horizon Program participation
Tue Mar 31 09:53:23 +0000 2026,FinancialJuice,EU probes French plan to back EDF nuclear reactors
Tue Mar 31 09:48:59 +0000 2026,FinancialJuice,EU Commission: Has concerns that the French support may consolidate or indirectly reinforce EDF's market power
Tue Mar 31 09:48:42 +0000 2026,FinancialJuice,EU Commission: Will investigate whether there are enough safeguards to ensure EDF's trading strategy will not cause market distortions
Tue Mar 31 09:48:25 +0000 2026,FinancialJuice,ECB's Muller: Can't rule out rate hike in April
Tue Mar 31 09:48:12 +0000 2026,FinancialJuice,ECB's Muller: Hike may be needed if energy prices stay high
Tue Mar 31 09:47:58 +0000 2026,FinancialJuice,ECB's Muller: Closely monitoring wages and labor market
Tue Mar 31 09:41:12 +0000 2026,FinancialJuice,Israel Defence Minister Katz: Israel will set up a buffer zone inside southern Lebanon and maintain control over the entire area up to the Litani River
Tue Mar 31 09:35:33 +0000 2026,FinancialJuice,Russia's Lavrov: Middle East crisis may spill over into a wider conflict
Tue Mar 31 09:35:17 +0000 2026,FinancialJuice,Russia's Lavrov: The US and Israel do not want normalisation between Iran and its neighbours.
Tue Mar 31 09:13:20 +0000 2026,FinancialJuice,PBOC: To maintain a moderately loose monetary policy with stronger counter-cyclical adjustments
Tue Mar 31 09:13:01 +0000 2026,FinancialJuice,PBOC to make use of various tools in monetary policy controls
Tue Mar 31 08:54:44 +0000 2026,FinancialJuice,Israel Military Spokesperson: We are prepared to keep operating for weeks to come.
Tue Mar 31 07:59:14 +0000 2026,FinancialJuice,"German Unemployment Change SA Actual 0k (Forecast 2k, Previous 1k)"
Tue Mar 31 07:59:08 +0000 2026,FinancialJuice,"German Unemployment Rate Actual 6.3% (Forecast 6.3%, Previous 6.3%)"
Tue Mar 31 07:12:07 +0000 2026,FinancialJuice,"Germany's Deutsche Energy Terminal: Injected a record amount of energy, over 25 terawatt-hours (twh), into the German gas network in Q1"
Tue Mar 31 07:01:09 +0000 2026,FinancialJuice,Bank of Korea official: Closely watching FX market situation
Tue Mar 31 07:00:55 +0000 2026,FinancialJuice,Bank of Korea sold a record amount of Dollars in Q4 2025 to curb losses in Won
Tue Mar 31 06:46:39 +0000 2026,FinancialJuice,"French HICP YoY Prelim Actual 1.9% (Forecast 1.9%, Previous 1.1%)"
Tue Mar 31 06:46:34 +0000 2026,FinancialJuice,"French PPI MoM Actual -0.2% (Forecast -, Previous 0.5%)"
Tue Mar 31 06:46:30 +0000 2026,FinancialJuice,"French CPI MoM NSA Prelim Actual 0.9% (Forecast 0.9%, Previous 0.6%)"
Tue Mar 31 06:46:25 +0000 2026,FinancialJuice,"French HICP MoM Prelim Actual 1.1% (Forecast 1%, Previous 0.7%)"
Tue Mar 31 06:46:20 +0000 2026,FinancialJuice,"French CPI YoY NSA Prelim Actual 1.7% (Forecast 1.6%, Previous 0.9%)"
Tue Mar 31 06:37:53 +0000 2026,FinancialJuice,Iran's Revolutionary Guards: We targeted a ship in the Gulf - Tasnim News Agency
Tue Mar 31 06:00:37 +0000 2026,FinancialJuice,"🔴UK GDP QoQ Actual 0.1% (Forecast 0.1%, Previous 0.1%)"
Tue Mar 31 06:00:29 +0000 2026,FinancialJuice,"🔴UK GDP YoY Actual 1% (Forecast 1%, Previous 1.0%)"
Tue Mar 31 05:24:32 +0000 2026,FinancialJuice,Iran's Oil Minister Paknejad: Discounts on Iranian oil have significantly decreased while the average selling price has significantly increased - Telegram account
Tue Mar 31 05:09:39 +0000 2026,FinancialJuice,"JAPANESE HOUSING STARTS YOY ACTUAL -4.9% (FORECAST -4.5%, PREVIOUS -0.4%) $MACRO"
Tue Mar 31 05:09:20 +0000 2026,FinancialJuice,Iran executes two men convicted of links with opposition group and armed attack on government building : judiciary outlet
Tue Mar 31 01:01:43 +0000 2026,FinancialJuice,https://t.co/Oe1HG8Z3Uj
Tue Mar 31 00:49:45 +0000 2026,FinancialJuice,Trump told aides he is willing to end the US military campaign against Iran even if the Strait of Hormuz remains largely closed - WSJ
Sun Mar 29 23:55:02 +0000 2026,FinancialJuice,Trump: US could seize the export hub of Kharg Island - FT
Sun Mar 29 23:54:34 +0000 2026,FinancialJuice,🔴 Trump: US could take the oil in Iran - FT
Sun Mar 29 23:52:40 +0000 2026,FinancialJuice,https://t.co/A8Kp0saVYD
Sun Mar 29 23:51:43 +0000 2026,FinancialJuice,🔴 Trump weighs military operation to extract Iran’s uranium - WSJ
Sun Mar 29 22:23:21 +0000 2026,FinancialJuice,Israeli military intercepted two drones launched from Yemen.
Sun Mar 29 22:10:22 +0000 2026,FinancialJuice,Tanker transporting Russian crude enters Cuba's exclusive economic zone - Ship tracking data
Sun Mar 29 22:07:02 +0000 2026,FinancialJuice,"No hazardous, toxic, or polluting substances released from petrochemical plant after attack - Iranian state media"
Sun Mar 29 22:06:47 +0000 2026,FinancialJuice,"Petrochemical plant targeted in northwestern Tabriz city, Iran - state media reports"
Sun Mar 29 19:37:37 +0000 2026,FinancialJuice,"Power restored to most areas of Tehran and Karaj, Iran - Fars News Agency"
Sun Mar 29 19:37:26 +0000 2026,FinancialJuice,🔴 Electricity cut in parts of Tehran following attacks on infrastructure - Nour News
Sun Mar 29 17:44:41 +0000 2026,FinancialJuice,"Another US Official on whether there would be a ground operation and, if so, which one: All options are on the table - Israel's i24 News"
Sun Mar 29 17:41:55 +0000 2026,FinancialJuice,"US official: By the start of next week, there'll be enough forces to allow for a significant ground operation against Iran - Israel's i24 News"
Sun Mar 29 17:33:03 +0000 2026,FinancialJuice,🔴 Israel is expected to propose to US to examine the establishment of bases in the nation - Israel's N12 News
Sun Mar 29 17:10:10 +0000 2026,FinancialJuice,"A plan for a management consortium had been discussed with US and Iran, according to sources."
Sun Mar 29 17:09:06 +0000 2026,FinancialJuice,"Nations meeting in Pakistan ​have floated suggestions to US tied to maritime traffic and reopening the Strait of Hormuz, ⁠5 sources familiar the matter."
Sun Mar 29 17:07:46 +0000 2026,FinancialJuice,"🔴 Saudi Arabia, Turkey and ⁠Egypt could create a consortium to manage oil flows through Strait of Hormuz, and had asked Pakistan to participate -    Pakistani sources"
Sun Mar 29 17:05:02 +0000 2026,FinancialJuice,🔴Pakistan Foreign Minister confirms Iran-US talks may take place in Islamabad in the coming days.
Sun Mar 29 16:53:10 +0000 2026,FinancialJuice,Pakistan Foreign Minister: China supports Pakistan's initiative to host Iran-US talks
Sun Mar 29 16:52:51 +0000 2026,FinancialJuice,Pakistan Foreign Minister: Pakistan is very happy that both Iran and US have expressed their confidence in Pakistan to facilitate talks.
Sun Mar 29 16:52:28 +0000 2026,FinancialJuice,Pakistan Foreign Minister Ishaq Dar: We discussed possible ways to bring an early and permanent end to the war in the region.
Sun Mar 29 16:52:00 +0000 2026,FinancialJuice,Pakistan Foreign Minister: Briefed ministers and delegates regarding the potential US-Iran talks in Islamabad.
Sun Mar 29 16:51:38 +0000 2026,FinancialJuice,Israel's Prime Minister Netanyahu instructs further expansion of the existing security buffer zone in southern Lebanon.
Sun Mar 29 09:31:55 +0000 2026,FinancialJuice,Iran's Ghalibaf: Iranian armed forces are waiting for US land arrival and to punish their regional partners - state media
Sun Mar 29 00:54:34 +0000 2026,FinancialJuice,"One person, as per the report, said that the objectives under consideration would probably take ""weeks, not months"" to complete. Another put the potential timeline at ""a couple of months.”"
Sun Mar 29 00:54:03 +0000 2026,FinancialJuice,"Talks in the administration the past month touched upon possible seizure of Kharg Island, key Iranian oil export hub, and raids into other coastal areas near the Strait of Hormuz to find and destroy weapons that can target commercial and military shipping, officials said."
Sun Mar 29 00:50:21 +0000 2026,FinancialJuice,"Any potential ground operation would fall short of a full-scale invasion and could instead involve raids by a mixture of Special Operations forces and conventional infantry troops, said the officials - Washington Post"
Sun Mar 29 00:47:47 +0000 2026,FinancialJuice,https://t.co/xeLT7BIWS7
Sun Mar 29 00:46:16 +0000 2026,FinancialJuice,⚠ BREAKING: Pentagon prepares for weeks of ground operations in Iran - Washington Post
Sat Mar 28 20:55:27 +0000 2026,FinancialJuice,"US Official: Expeditionary force of 2,500 US Marines from the 31st Marine Expeditionary Unit, along with 2,500 sailors, arrived in the Middle East aboard the USS Tripoli - NYT."
Sat Mar 28 20:29:11 +0000 2026,FinancialJuice,"Additional info about Pakistan's imports through Hormuz: Pakistan’s largest oil refiner, Cnergyico Pk, says about 80% of the country’s crude oil imports and nearly 25% of its gasoil supplies typically transit through the Strait of Hormuz."
Sat Mar 28 20:18:07 +0000 2026,FinancialJuice,Yemen's Houthis: We will continue carrying out military operations in the coming days
Sat Mar 28 20:17:07 +0000 2026,FinancialJuice,Yemen's Houthis: We carried out a second attack on Israel on Saturday with missiles and drones.
Sat Mar 28 20:09:55 +0000 2026,FinancialJuice,Now 53% of the vote
Sat Mar 28 20:03:33 +0000 2026,FinancialJuice,Vance wins CPAC straw poll as 2028 Republican presidential nominee with 38% of vote
Sat Mar 28 19:11:45 +0000 2026,FinancialJuice,"🔴 Pakistan's Ishaq Dar: Iran has agreed to allow 20 additional ships under Pakistani flag to pass through Strait of Hormuz, two ships daily"
Sat Mar 28 19:09:25 +0000 2026,FinancialJuice,🔴 Water reservoir of Iran's southwestern town of Haftkel targeted in US-Israeli air attack - local official tells state news agency IRNA
Sat Mar 28 18:20:35 +0000 2026,FinancialJuice,Houthi fired second missile at Israel Saturday intercepted according to Israeli security official - WSJ
Sat Mar 28 15:53:56 +0000 2026,FinancialJuice,US sailors and Marines aboard USS Tripoli arrived in the US CENTCOM.
Sat Mar 28 15:37:49 +0000 2026,FinancialJuice,Yemen's Houthis: Operations will continue until goals are reached.
Sat Mar 28 15:36:09 +0000 2026,FinancialJuice,"Yemen's Houthis: Attack on Israel follows continued targeting of infrastructure in Iran, Lebanon, Iraq and Palestinian territories."
Sat Mar 28 15:35:55 +0000 2026,FinancialJuice,🔴 Yemen's Houthis confirm they launched missile against Israel
Sat Mar 28 15:33:54 +0000 2026,FinancialJuice,"Iran's President Pezeshkian: To the countries of the region, if you want development and security, do not let our enemies run the war from your lands - post on X"
Sat Mar 28 15:32:39 +0000 2026,FinancialJuice,Ukraine foreign ministry denies Iran statement that it destroyed Ukrainian air defence depot in Dubai
Sat Mar 28 15:32:33 +0000 2026,FinancialJuice,IRGC: Missiles destroyed Ukrainian air-defense depot in Dubai - Fars News Agency
Sat Mar 28 15:31:37 +0000 2026,FinancialJuice,Ukraine Qatar defense agreement includes exchange of expertise in countering missiles and unmanned aerial systems
Sat Mar 28 15:31:23 +0000 2026,FinancialJuice,Ukraine and Qatar sign defense cooperation agreement - Qatari Defence Ministry
Sat Mar 28 15:30:31 +0000 2026,FinancialJuice,🔴 Saudi Arabia also exporting about 700k to 900k barrels a day of oil products today
Sat Mar 28 15:30:14 +0000 2026,FinancialJuice,🔴 Saudi Arabia's east-west pipeline that circumvents Strait of Hormuz is pumping oil at full capacity of 7 mln barrels a day.
Mon Mar 30 22:05:49 +0000 2026,FinancialJuice,Israel's Prime Minister Netanyahu on Iran war: I do not put a schedule on it - Newsmax interview
Mon Mar 30 20:29:50 +0000 2026,FinancialJuice,Iran’s Foreign Minister Araghchi to Saudis: High time to eject US forces.
Mon Mar 30 20:28:58 +0000 2026,FinancialJuice,"Iran’s Foreign Minister Araghchi: Our operations are aimed at enemy aggressors who have no respect for Arabs or Iranians, nor can provide any security."
Mon Mar 30 20:20:31 +0000 2026,FinancialJuice,"Fed's Williams: There's a lot of uncertainty, but the economy has been more resilient than expected."
Mon Mar 30 20:10:06 +0000 2026,FinancialJuice,Fed's Williams: War could both increase inflation and depress growth.
Mon Mar 30 20:09:17 +0000 2026,FinancialJuice,"Fed's Williams: Tariffs and Iran war will increase headline inflation.

Williams expects higher headline inflation in the near term due to war and tariffs

Fed's Williams expects US GDP to be 2.5% this year amid help from various factors.

Fed's Williams: No signs of second-round inflation impact from tariffs.

Fed's Williams: Job market is sending mixed signals"
Mon Mar 30 19:59:33 +0000 2026,FinancialJuice,Iranian Oil Minister: We have taken the necessary measures regarding fuel supplies and will not face any problems - IRNA
Mon Mar 30 19:53:53 +0000 2026,FinancialJuice,European Officials: Divisions among Houthis on next steps in Iran war.
Mon Mar 30 19:53:13 +0000 2026,FinancialJuice,🔴 European Officials: Iran presses Houthis on Red Sea shipping.
Mon Mar 30 19:50:40 +0000 2026,FinancialJuice,"MOC Imbalance

S&amp;P 500: -316 mln
Nasdaq 100: -337 mln
Dow 30: +142 mln
Mag 7: -51 mln"
Mon Mar 30 19:22:44 +0000 2026,FinancialJuice,"Tuesday FX Options Expiry
https://t.co/RJZYTp0OmR"
Mon Mar 30 19:17:47 +0000 2026,FinancialJuice,IDF: We targeted infrastructure in the heart of Tehran.
Mon Mar 30 19:13:11 +0000 2026,FinancialJuice,"BlackRock's Rieder: Fed should cut rates, and I think they will - CNBC Interview."
Mon Mar 30 18:59:02 +0000 2026,FinancialJuice,"Iran's First Vice President: Trump can make the decision to send his troops to Kharg Island, but the decision to bring them back is not in his hands. https://t.co/BSBcS0Q8uC"
Mon Mar 30 18:50:09 +0000 2026,FinancialJuice,"Brent Crude futures settle at $112.78/bbl, up 21 cents, 0.19%"
Mon Mar 30 18:32:39 +0000 2026,FinancialJuice,"NYMEX WTI Crude May futures settle at $102.88 a barrel up $3.24, 3.25%

NYMEX Gasoline Apr. futures settle at $3.3515 a gallon

NYMEX Diesel Apr. futures settle at $4.3643 a gallon

NYMEX Nat Gas May futures settle at $2.8870/MMBTU"
Mon Mar 30 18:05:52 +0000 2026,FinancialJuice,"SPX Spot-Vol Beta: -0.82

This gauge measures how implied volatility (via the VIX) is reacting relative to the S&P 500’s price move. A reading of -0.82 suggests volatility is under-reacting, meaning options traders are not aggressively bidding up protection despite the underlying market move. This points to a relatively muted demand for hedging compared to the price action.

Spot-vol beta reflects how much volatility is over- or under-reacting to changes in the S&P 500’s spot price.

Source: https://t.co/wR9hqXIoUG"
Mon Mar 30 17:59:31 +0000 2026,FinancialJuice,White House Press Secretary Leavitt ends the news briefing.
Mon Mar 30 17:59:24 +0000 2026,FinancialJuice,WH Press Sec. Leavitt: Trump wants Congress in session to end DHS shutdown.
Mon Mar 30 17:58:00 +0000 2026,FinancialJuice,Drone targets US diplomatic facility near Iraq's Baghdad airport - Security Sources
Mon Mar 30 17:56:39 +0000 2026,FinancialJuice,WH Press Sec. Leavitt: The US allowed a Russian tanker to supply Cuba for humanitarian reasons.
Mon Mar 30 17:55:19 +0000 2026,FinancialJuice,🔴 Iran's parliament approves bill to impose fees on the Hormuz Strait.
Mon Mar 30 17:54:40 +0000 2026,FinancialJuice,WH Press Sec. Leavitt: Identifying Iranian leadership is part of diplomacy.
Mon Mar 30 17:54:07 +0000 2026,FinancialJuice,WH Press Sec. Leavitt: Iran's leadership is very fragmented.
Mon Mar 30 17:50:37 +0000 2026,FinancialJuice,WH Press Sec. Leavitt: Trump wants to see a deal before the April 6th deadline.
Mon Mar 30 17:50:30 +0000 2026,FinancialJuice,WH Press Sec. Leavitt: US allowed a Russian tanker to supply Cuba for humanitarian reasons.
Mon Mar 30 17:50:22 +0000 2026,FinancialJuice,WH Press Sec. Leavitt: Cuba decisions are being made on a case-by-case basis.
Mon Mar 30 17:50:14 +0000 2026,FinancialJuice,WH Press Sec. Leavitt: Iran has agreed to some US points in private talks.
Mon Mar 30 17:50:07 +0000 2026,FinancialJuice,WH Press Sec. Leavitt: Iran's best move is to make a deal or face consequences.
Mon Mar 30 17:50:01 +0000 2026,FinancialJuice,WH Press Sec. Leavitt: Trump expects the Iranian regime to make a deal with the US.
Mon Mar 30 17:44:17 +0000 2026,FinancialJuice,WH Press Sec. Leavitt: Trump has declined to rule out Iran ground operations.
Mon Mar 30 17:43:22 +0000 2026,FinancialJuice,WH Press Sec. Leavitt: Four-to-six week timeline for Iran war remains.
Mon Mar 30 17:43:15 +0000 2026,FinancialJuice,WH Press Sec. Leavitt: Expect to see 20 tankers transit the Strait of Hormuz in the coming days.
Mon Mar 30 17:43:08 +0000 2026,FinancialJuice,WH Press Sec. Leavitt: The US does not support Iran's tolling of the Strait of Hormuz shipping.
Mon Mar 30 17:42:32 +0000 2026,FinancialJuice,WH Press Sec. Leavitt: Expect cabinet officials to travel to China ahead of Trump's visit.
Mon Mar 30 17:39:33 +0000 2026,FinancialJuice,WH Press Sec. Leavitt: Trump would be interested in calling on Arab countries to help pay for the cost of the war.
Mon Mar 30 17:38:33 +0000 2026,FinancialJuice,WH Press Sec. Leavitt reiterates Pentagon estimate of 4-6 weeks for Iran war.
Mon Mar 30 17:36:17 +0000 2026,FinancialJuice,WH Press Sec. Leavitt on new Iranian regime: Appears more reasonable privately.
Mon Mar 30 17:35:04 +0000 2026,FinancialJuice,WH Press Sec. Leavitt: Anything Iran tells us privately will be tested.
Mon Mar 30 17:34:29 +0000 2026,FinancialJuice,"Fitch Ratings: Most North American carriers have not fully hedged their fuel exposure, leaving them vulnerable to sustained price increases."
Mon Mar 30 17:34:02 +0000 2026,FinancialJuice,Fitch Ratings: Prolonged Iran war raises demand risks for US corporates.
Mon Mar 30 17:29:33 +0000 2026,FinancialJuice,WH Press Sec. Leavitt: What is stated publicly differs from what is conveyed to us privately.
Mon Mar 30 17:29:26 +0000 2026,FinancialJuice,WH Press Sec. Leavitt: The US is seeing the remaining elements of Iran eager for talks; talks with Iran are continuing and ongoing well.
Mon Mar 30 17:27:31 +0000 2026,FinancialJuice,WH Press Sec. Leavitt: The US is increasing its leverage over Iran with each strike.
Mon Mar 30 17:21:38 +0000 2026,FinancialJuice,US Secretary of State Rubio: War in Iran will be over when the US achieves its objectives.
Mon Mar 30 17:21:20 +0000 2026,FinancialJuice,"Israeli Broadcasting Authority, quoting a security Official: The army is providing Washington with information regarding a possible ground operation in the Strait of Hormuz."
Mon Mar 30 17:21:11 +0000 2026,FinancialJuice,Iranian Foreign Ministry: Ships from friendly and non-hostile countries are crossing the Strait of Hormuz in coordination with the relevant Iranian authorities - Al Jazeera
Mon Mar 30 17:21:02 +0000 2026,FinancialJuice,US Secretary of State Rubio: All of it will have to be reexamined after the Iran war.
Mon Mar 30 17:20:47 +0000 2026,FinancialJuice,US Secretary of State Rubio: The US is disappointed in NATO over Iran war cooperation.
Mon Mar 30 17:20:39 +0000 2026,FinancialJuice,Israeli Channel 12: Israel's Prime Minister Netanyahu is trying to convince Trump not to make concessions in the negotiations.
Mon Mar 30 17:04:52 +0000 2026,FinancialJuice,Three engineers' orders given to operate Libya's El Feel oilfield following suspension on March 17th. - Sources
Mon Mar 30 17:03:38 +0000 2026,FinancialJuice,"SPX Greek Hedging
Greek Hedging (SPX) estimates the day’s dealer rebalancing flows implied by the current options book  essentially how much trading may be required for dealers to remain hedged as prices and volatility move.

Here the dominant signal is Delta hedging ($81.7B), pointing to extremely large price-linked hedging activity that may require dealers to buy underlying exposure as prices move, reinforcing directional momentum. Vega hedging ($3.60B) indicates meaningful sensitivity to changes in implied volatility, suggesting volatility shifts could also drive additional hedging flows. Theta ($64.8M) represents the steady impact from time decay, modest relative to the larger delta and vega dynamics.

Source - https://t.co/g5RjUBZDbK"
Mon Mar 30 16:52:51 +0000 2026,FinancialJuice,"Netanyahu said in closed-door discussions that any potential US-Iranian deal will not stop the fighting with Hezbollah - Israel Hayom, citing sources"
Mon Mar 30 16:38:40 +0000 2026,FinancialJuice,Ukraine grain export model floated as Hormuz fertilizer solution - WSJ
Mon Mar 30 16:18:15 +0000 2026,FinancialJuice,Iran's Foreign Minister Spokesperson urges regional states to remember which side started the war.
Mon Mar 30 16:17:12 +0000 2026,FinancialJuice,Iran Foreign Minister Spokesperson: Iran not participating in Pakistan-led meetings concerning war.
Mon Mar 30 16:16:55 +0000 2026,FinancialJuice,"Iran Foreign Minister Spokesperson: Iran received messages through intermediaries about US seeking discussions, but dismissed the demands as excessive &amp; illogical."
Mon Mar 30 16:04:28 +0000 2026,FinancialJuice,Musk: Tesla is making a big investment in Japan with service &amp; superchargers. $TSLA
Mon Mar 30 16:02:24 +0000 2026,FinancialJuice,"Volland SPX Dealer Premium: $385.12B
This widget shows the total option premium dealers have collected from open positions. Net dealer premium stands at roughly $385.12B, marking an exceptionally large premium cushion embedded across SPX options positioning.

0DTE premium is about $4.37B today, reflecting elevated same-day options activity that can increase intraday market sensitivity and flow-driven volatility.

Net premiums collected by dealers from all open positions / 0DTE premiums represent the total premiums collected by dealers today @wizofops
Source: https://t.co/wR9hqXIoUG"
Mon Mar 30 15:57:18 +0000 2026,FinancialJuice,"A decent video giving a summary of the Iran conflict and potential scenarios for anyone interested
https://t.co/xTCp4OEQuO"
Mon Mar 30 15:54:42 +0000 2026,FinancialJuice,Iran’s top Military Headquarters Spox: Israel struck a desalination plant in Kuwait in an attempt to falsely blame Tehran.
Mon Mar 30 15:52:04 +0000 2026,FinancialJuice,NATO Spokesperson on Iranian missile intercepted heading for Turkey: NATO ready for such threats and will always do what is necessary to defend all allies.
Mon Mar 30 15:43:27 +0000 2026,FinancialJuice,UK's PM Starmer: There's a coalition of 35 countries for de-escalation.
Mon Mar 30 15:37:04 +0000 2026,FinancialJuice,"Google Maps simplifies battery predictions and trip planning for 350+ Android Auto EV models - Blog $GOOGL 
https://t.co/Enlr2v1P1W"
Mon Mar 30 15:34:57 +0000 2026,FinancialJuice,"US 6-Month Bill Auction

High Yield 3.605%
Bid-to-cover 2.83
Sells $77 bln
Awards 20.82% of bids at high"
Mon Mar 30 15:34:20 +0000 2026,FinancialJuice,"US 3-Month Bill Auction

High Yield 3.620%
Bid-to-cover 2.66
Sells $89 bln
Awards 56.71% of bids at high"
Mon Mar 30 15:28:46 +0000 2026,FinancialJuice,Fed's Powell ends speaking event at Harvard University.
Mon Mar 30 15:26:01 +0000 2026,FinancialJuice,"Fed's Powell: We don't know how big the energy shock will be, it's way too early to know."
Mon Mar 30 15:21:32 +0000 2026,FinancialJuice,"Israel's Prime Minister Netanyahu: Israel will seize the opportunity to push the border beyond the Litani River - Israel Hayom, citing sources."
Mon Mar 30 15:21:14 +0000 2026,FinancialJuice,"Israel's Prime Minister Netanyahu rejected a French ceasefire initiative - Israel Hayom, citing sources:"
Mon Mar 30 15:19:00 +0000 2026,FinancialJuice,Trump to NYT: We'll find out in about a week whether he is someone US can truly work with.
Mon Mar 30 15:18:23 +0000 2026,FinancialJuice,Trump: The US negotiating partner in Iran is Iran's Parliament Speaker Ghalibaf - NYT
Mon Mar 30 15:14:34 +0000 2026,FinancialJuice,Fed's Powell: It doesn't have the makings of a broader systemic event right now.
Mon Mar 30 15:14:10 +0000 2026,FinancialJuice,Fed's Powell: We don't see a contagion from private credit right now.
Mon Mar 30 15:14:03 +0000 2026,FinancialJuice,"Iran's Foreign Minister Araqchi to France’s Foreign Minister Barrot: Provocative actions by aggressors or their allies, including at the UN, will worsen the situation."
Mon Mar 30 15:06:44 +0000 2026,FinancialJuice,Fed's Powell: AI is making people more productive.
Mon Mar 30 15:06:38 +0000 2026,FinancialJuice,Federal Powell: There is no denying it is a challenging time to enter the job market
Mon Mar 30 15:06:29 +0000 2026,FinancialJuice,Fed's Powell: Very optimistic about the medium and long term.
Mon Mar 30 15:06:22 +0000 2026,FinancialJuice,Fed's Powell: The US economy remains dynamic and productive.
Mon Mar 30 15:06:14 +0000 2026,FinancialJuice,"Fed's Powell: The labour market is challenged by longer-term, secular forces."
Mon Mar 30 15:06:05 +0000 2026,FinancialJuice,"IMF: How the War in the Middle East is Affecting Energy, Trade, and Finance 
https://t.co/iJuYHeD6W5"
Mon Mar 30 15:05:43 +0000 2026,FinancialJuice,Iran arrests 46 in Starlink sales network and seizes devices - ISNA.
Mon Mar 30 15:03:36 +0000 2026,FinancialJuice,🔴Traders erase Fed hike bet and price in chance of cut this year.
Mon Mar 30 15:02:58 +0000 2026,FinancialJuice,IMF: War in the Middle East has caused serious disruption to countries in the region and is dimming the outlook for many others.
Mon Mar 30 15:02:51 +0000 2026,FinancialJuice,"IMF: Iran war threatens higher prices, slower growth for the world."
Mon Mar 30 14:58:25 +0000 2026,FinancialJuice,Fed's Powell: We are watching private credit closely.
Mon Mar 30 14:57:55 +0000 2026,FinancialJuice,Fed's Powell: private credit is a relatively small part of a large asset pool.
Mon Mar 30 14:57:01 +0000 2026,FinancialJuice,Fed's Powell: We have a resilient financial system now.
Mon Mar 30 14:56:16 +0000 2026,FinancialJuice,Fed's Powell: We shouldn't be trying to regulate risk out of existence.
Mon Mar 30 14:55:33 +0000 2026,FinancialJuice,Fed's Powell: We have significantly hardened the system against the kind of losses seen in the financial crisis.
Mon Mar 30 14:50:44 +0000 2026,FinancialJuice,Fed's Powell: We don't know what economic effects the current situation will have.
Mon Mar 30 14:50:36 +0000 2026,FinancialJuice,Fed's Powell: Not facing yet the question of what to do.
Mon Mar 30 14:50:30 +0000 2026,FinancialJuice,Fed's Powell: Inflation expectations appear to be well-anchored.
Mon Mar 30 14:50:23 +0000 2026,FinancialJuice,Fed's Powell: Fed's tools have no meaningful effect on supply shocks.
Mon Mar 30 14:50:16 +0000 2026,FinancialJuice,Bahrain bans maritime navigation and approaching the coasts at night until further notice. - Al Arabiya
Mon Mar 30 14:47:58 +0000 2026,FinancialJuice,"Fed's Powell: The tariff inflation is likely a one-time price increase, adding 0.5% to 1.0% to inflation."
Mon Mar 30 14:47:39 +0000 2026,FinancialJuice,"Fed's Powell: Tariff inflation is a one-time price increase, adding a half to a full pct point to inflation."
Mon Mar 30 14:45:42 +0000 2026,FinancialJuice,Fed's Powell: We are committed to getting inflation back to 2% on sustained basis.
Mon Mar 30 14:44:32 +0000 2026,FinancialJuice,Fed's Powell: We haven't really seen the downside risks to a large balance sheet that many had predicted.
Mon Mar 30 14:44:04 +0000 2026,FinancialJuice,Fed's Powell: I'd be in the camp that there is something to that.
Mon Mar 30 14:43:57 +0000 2026,FinancialJuice,Fed's Powell: Overall the research tends to find that buying long-term assets lowers rates and supports the economy.
Mon Mar 30 14:42:32 +0000 2026,FinancialJuice,Iran’s Foreign Minister Araghchi discussed the Middle East with his French counterpart.
Mon Mar 30 14:41:40 +0000 2026,FinancialJuice,Fed's Powell: There is tension between the Fed's two objectives.
Mon Mar 30 14:41:32 +0000 2026,FinancialJuice,Fed's Powell: Makes sense in this time that there is no unanimity.
Mon Mar 30 14:41:08 +0000 2026,FinancialJuice,"Iran's message to the US states that if the fighting against Hezbollah in Lebanon is not halted, Tehran will not be bound by the ceasefire with Israel. - Israel Today, citing Lebanese Report"
Mon Mar 30 14:36:58 +0000 2026,FinancialJuice,"Dallas Fed Manufacturing Business Index March Report
https://t.co/1wE79xEPGB"
Mon Mar 30 14:30:40 +0000 2026,FinancialJuice,"Dallas Fed Mfg. Bus. Index Actual -0.2 (Forecast 2, Previous 0.20)"
Mon Mar 30 14:29:43 +0000 2026,FinancialJuice,UKMTO: 2 projectiles splashed near a container vessel near Saudi Arabia.
Mon Mar 30 14:28:56 +0000 2026,FinancialJuice,"Iran is currently exporting 2.4m-2.8m barrels of oil and petroleum products per day (b/d), including 1.5m-1.8m b/d of crude. The same as it was on average last year, and selling at higher prices. - Source with Knowledge"
Mon Mar 30 14:28:49 +0000 2026,FinancialJuice,UKMTO: It has received a report of an incident 22 nm northeast of Saudi Arabia ras Tanura
Mon Mar 30 14:23:35 +0000 2026,FinancialJuice,Fed's Miran ends remarks on CNBC.
Mon Mar 30 14:23:27 +0000 2026,FinancialJuice,Turkish Defence Ministry: All necessary measures are being taken decisively and without hesitation against any threat directed at our country’s territory and airspace.
Mon Mar 30 14:23:13 +0000 2026,FinancialJuice,Turkish Defence Ministry: A ballistic munition launched from Iran has been neutralised by NATO air and missile defence assets deployed in the Eastern Mediterranean.
Mon Mar 30 14:21:33 +0000 2026,FinancialJuice,Israel’s Haifa-based Bazan group confirms a missile attack on the roof of a distillates tank in Haifa Bay; damage is not material.
Mon Mar 30 14:20:32 +0000 2026,FinancialJuice,Fed's Miran: Monetary policy is still restrictive.
Mon Mar 30 14:20:24 +0000 2026,FinancialJuice,Fed's Miran: Higher oil prices could accelerate cooling in labor market.
Mon Mar 30 14:20:04 +0000 2026,FinancialJuice,"Fed's Miran: Private credit concerns are not at a level that would change my views, but it is a risk I'm aware of."
Mon Mar 30 14:19:57 +0000 2026,FinancialJuice,Middle Eastern carriers saw a 16.5% year-on-year increase in demand for air cargo in February; capacity increased by 13.5% year-on-year - IATA
Mon Mar 30 14:19:49 +0000 2026,FinancialJuice,Fed's Miran: Private credit is not presenting economic risk right now.
Mon Mar 30 14:19:27 +0000 2026,FinancialJuice,Crypto Fear &amp; Greed Index: 8/100 - Extreme Fear https://t.co/Lymlemx8kE
Mon Mar 30 14:18:09 +0000 2026,FinancialJuice,Fear &amp; Greed Index: 10/100 - Extreme Fear https://t.co/ggky5hFQQJ
Mon Mar 30 14:16:32 +0000 2026,FinancialJuice,Fed's Miran: Tighter financial conditions could have an effect on economic growth.
Mon Mar 30 14:15:29 +0000 2026,FinancialJuice,Fed's Miran: There's been an unwanted tightening of financial conditions.
Mon Mar 30 14:15:21 +0000 2026,FinancialJuice,"Fed's Miran: It isn't surprising that the bond market has excess volatility, don't read much from that."
Mon Mar 30 14:14:42 +0000 2026,FinancialJuice,Fed's Miran: It is important to go slowly on balance sheet reduction.
Mon Mar 30 14:14:16 +0000 2026,FinancialJuice,Fed's Miran: We can lower the short-term interest rate to offset the tightening effect of reducing the balance sheet.
Mon Mar 30 14:12:28 +0000 2026,FinancialJuice,"Fed's Miran: The Fed's balance sheet is too big, and I would like to shrink it."
Mon Mar 30 14:10:51 +0000 2026,FinancialJuice,Fed's Miran: Central banks shouldn't prevent AI from job creation.
Mon Mar 30 14:08:53 +0000 2026,FinancialJuice,Fed's Miran: Inflation is heading back to target a year from now.
Mon Mar 30 14:08:38 +0000 2026,FinancialJuice,G7 Statement: G7 central banks are strongly committed to maintaining price stability; monetary policy will remain data-dependent.
Mon Mar 30 14:08:25 +0000 2026,FinancialJuice,"Fed's Miran: Could be about a point easier, over the course of the year."
Mon Mar 30 14:08:12 +0000 2026,FinancialJuice,Fed's Miran: Wage growth has been coming down; the Fed is holding back labour demand inappropriately.
Mon Mar 30 14:07:21 +0000 2026,FinancialJuice,Fed's Miran: Not inclined to read much into markets.
Mon Mar 30 14:06:31 +0000 2026,FinancialJuice,"Fed's Miran: Still concerned about the labour market, the Fed can accommodate that."
Mon Mar 30 14:06:06 +0000 2026,FinancialJuice,Fed's Miran: Markets are volatile in the middle of a war.
Mon Mar 30 14:05:58 +0000 2026,FinancialJuice,Fed's Miran: No sense that other colleagues are moving their position based on oil prices.
Mon Mar 30 14:05:42 +0000 2026,FinancialJuice,Fed's Miran: No evidence of inflation shock from oil.
Mon Mar 30 14:04:45 +0000 2026,FinancialJuice,G7: Central banks are strongly committed to price stability.
Mon Mar 30 14:03:57 +0000 2026,FinancialJuice,Fed's Miran: Inflation expectations not yet affected by higher oil prices.
Mon Mar 30 14:03:48 +0000 2026,FinancialJuice,"Fed's Miran: No evidence of wage-price spiral, seems extremely unlikely - CNBC"
Mon Mar 30 13:58:26 +0000 2026,FinancialJuice,Qatar Emir arrives in Jeddah - Saudi State Media.
Mon Mar 30 13:57:30 +0000 2026,FinancialJuice,Ambrey: Vessel near Saudi coast assessed as US-affiliated through ownership.
Mon Mar 30 13:56:52 +0000 2026,FinancialJuice,"Ambrey: Liberia-flagged container vessel reports projectiles impacting water near it, Northeast of Saudi Arabia's Dammam, no damage or injuries."
Mon Mar 30 13:55:13 +0000 2026,FinancialJuice,Iran's Mission to the UN: The US has turned countries in the region into theatres of conflict.
Mon Mar 30 13:39:46 +0000 2026,FinancialJuice,"OatarEnergy: First LNG sets stage for Golden Pass LNG to deliver its first cargo from its facilities located in Sabine Pass, Texas."
Mon Mar 30 13:37:51 +0000 2026,FinancialJuice,US embassy in Venezuela is formally resuming operations Monday.
Mon Mar 30 13:34:42 +0000 2026,FinancialJuice,Golden Pass LNG achieves first LNG production from 3 LNG trains.
Mon Mar 30 13:30:45 +0000 2026,FinancialJuice,"MOO Imbalance
S&amp;P 500: +567 mln
Nasdaq 100: +24 mln
Dow 30: +103 mln
Mag 7: +21 mln"
Mon Mar 30 13:21:38 +0000 2026,FinancialJuice,"Hundreds of US Special Ops military personnel, Navy SEALs and Army Rangers, Marines and Army paratroopers are now in the Middle East - sources tell CBS."
Mon Mar 30 13:12:15 +0000 2026,FinancialJuice,Japan Industry Minister Akazawa: G7 confirmed it remains prepared to take all appropriate measures as necessary to stabilise energy markets.
Mon Mar 30 13:10:13 +0000 2026,FinancialJuice,"Japan's Fin. Min. Katayama: Oil price rises would hurt growth while fueling inflationary pressure, quite a few G7 central bank chiefs said they may have to focus on dealing with inflationary fears"
Mon Mar 30 13:05:25 +0000 2026,FinancialJuice,"Japan's Katayama: G7 agreed to avoid a situation where crude oil price rises, supply concerns affect FX moves, and global economic growth"
Mon Mar 30 13:03:21 +0000 2026,FinancialJuice,Japan's Katayama: G7 finance leaders and central bank chiefs discussed the need for coordination to deal with issues like private credit woes and volatility in bond markets
Mon Mar 30 13:02:36 +0000 2026,FinancialJuice,"Our Easter sale is now on!

https://t.co/me5KvL2VL7 https://t.co/MmAdiKy0bE"
Mon Mar 30 12:59:01 +0000 2026,FinancialJuice,"Japan's Fin. Min. Katayama: Crude oil futures move, rippling through the FX market"
Mon Mar 30 12:58:24 +0000 2026,FinancialJuice,"Japan Finance Minister Katayama: Told G7 Japan is watching market moves with a high sense of urgency, as volatility in crude oil futures has a huge impact on FX moves"
Mon Mar 30 12:57:50 +0000 2026,FinancialJuice,Japan's Fin. Min. Katayama: Told G-7 Japan is watching FX with a sense of urgency
Mon Mar 30 12:56:47 +0000 2026,FinancialJuice,Japan's Katayama: G7 participants agreed on communique
Mon Mar 30 12:37:00 +0000 2026,FinancialJuice,US Treasury Secretary Bessent: We could get hundreds of billions of USD recouping fraud money
Mon Mar 30 12:34:16 +0000 2026,FinancialJuice,US Treasury Secretary Bessent: The US will 'retake’ control of the straits
Mon Mar 30 12:34:00 +0000 2026,FinancialJuice,US Treasury Secretary Bessent: We're seeing more supply as countries cut deals with Iran
Mon Mar 30 12:33:40 +0000 2026,FinancialJuice,US Treasury Secretary Bessent: Unsanctioned Russia and Iran oil is 'on the water'
Mon Mar 30 12:33:12 +0000 2026,FinancialJuice,"US Treasury Secretary Bessent, on Iran and oil: Any supply will be helpful - Fox News."
Mon Mar 30 12:30:43 +0000 2026,FinancialJuice,German economy minister: Signs of a significant slowdown in the German economy are already visible
Mon Mar 30 12:28:48 +0000 2026,FinancialJuice,German Economy Minister: We will decide after the Easter holiday on which further measures could be taken for energy relief
Mon Mar 30 12:18:52 +0000 2026,FinancialJuice,"Get our Tradingview FinancialJuice Extension  

✅Real-time(ish) Headlines 
📷 TickStrike Orderflow  

Chrome: 
https://t.co/fqKcrXVvXo 

FireFox: https://t.co/VNvNnRobv0 https://t.co/x4R4lLYw0B"
Mon Mar 30 12:00:38 +0000 2026,FinancialJuice,"German CPI MoM Prelim Actual 1.1% (Forecast 1.1%, Previous 0.2%)"
Mon Mar 30 12:00:29 +0000 2026,FinancialJuice,"German HICP MoM Prelim Actual 1.2% (Forecast 1.2%, Previous 0.4%)"
Mon Mar 30 12:00:22 +0000 2026,FinancialJuice,"🔴German HICP YoY Prelim Actual 2.8% (Forecast 2.9%, Previous 2.0%)"
Mon Mar 30 12:00:15 +0000 2026,FinancialJuice,"🔴German CPI YoY Prelim Actual 2.7% (Forecast 2.7%, Previous 1.9%)"
Mon Mar 30 12:00:02 +0000 2026,FinancialJuice,Secured overnight financing rate 3.63% March 27th vs 3.65% March 26th
Mon Mar 30 11:48:05 +0000 2026,FinancialJuice,Iraq’s SOMO: We're studying offers from local and global shipping firms to transport oil via the southern borders - State News Agency
Mon Mar 30 11:30:06 +0000 2026,FinancialJuice,Trump: Deal will 'probably' be reached.
Mon Mar 30 11:29:57 +0000 2026,FinancialJuice,Trump: Great progress has been made.
Mon Mar 30 11:29:13 +0000 2026,FinancialJuice,Trump: Great progress has been made
Mon Mar 30 11:28:54 +0000 2026,FinancialJuice,"🔴Trump on Iran: Will completely obliterate all of Iran's electric generating plants, oil wells, and Kharg Island if a deal is not reached"
Mon Mar 30 11:28:18 +0000 2026,FinancialJuice,"🔴Trump on Iran: The US is in serious discussions with a new, and more reasonable, regime to end our military operations in Iran"
Mon Mar 30 10:52:48 +0000 2026,FinancialJuice,EU's Costa: Had a ‘good call’ today with Pakistan PM to discuss the Iran situation
Mon Mar 30 10:15:53 +0000 2026,FinancialJuice,India government official: No plans yet to send more vessels to the Persian Gulf for lifting oil and gas
Mon Mar 30 10:08:01 +0000 2026,FinancialJuice,"Iran's Baghaei: Tehran respects the nuclear non-proliferation treaty as long as it is a member, but its utility is under question as Iran is attacked and its rights are not respected"
Mon Mar 30 09:49:31 +0000 2026,FinancialJuice,EU commission adopts €1.5B defense industry work program
Mon Mar 30 09:45:35 +0000 2026,FinancialJuice,"Iran's Baghaei: Bushehr nuclear power plant is still active, condemn 'very dangerous' attacks by the US and Israel"
Mon Mar 30 09:34:52 +0000 2026,FinancialJuice,"Iran's Baghaei: Tehran expects the UAE to treat its citizens with foresight, will protect the rights of citizens everywhere"
Mon Mar 30 09:30:52 +0000 2026,FinancialJuice,Iran's Baghaei: Iranian ambassador to Lebanon will continue his work in Beirut
Mon Mar 30 09:17:50 +0000 2026,FinancialJuice,Ukraine’s President Zelenskiy: Ukraine has agreements with Middle East countries regarding energy support
Mon Mar 30 09:10:38 +0000 2026,FinancialJuice,"Iran's Baghaei: Proposals conveyed to Iran have mostly been ‘unrealistic, unreasonable and excessive.'"
Mon Mar 30 09:10:16 +0000 2026,FinancialJuice,"Iran's Foreign Ministry Spokesperson Baghaei: No direct talks with the US took place, only messages via intermediaries"
Mon Mar 30 09:01:37 +0000 2026,FinancialJuice,Euro zone March producer price expectations 19.7 vs revised 12.3 in February - EU Commission
Mon Mar 30 09:01:06 +0000 2026,FinancialJuice,Euro area March services confidence 4.9; est. 4.0
Mon Mar 30 09:00:49 +0000 2026,FinancialJuice,Euro area March industrial confidence -7.0; est. -8.0
Mon Mar 30 08:52:19 +0000 2026,FinancialJuice,Japan PM Takaichi: Appointed Akazawa as Minister in charge of securing supply of critical materials - X Post.
Mon Mar 30 08:15:16 +0000 2026,FinancialJuice,Syrian Army: Drone attacks targeted several bases near the Iraqi border - State News Agency
Mon Mar 30 07:24:36 +0000 2026,FinancialJuice,Japan Deputy Chief Cabinet Secretary Ozaki: Hearing speculative moves in the forex market are rising
Mon Mar 30 07:13:18 +0000 2026,FinancialJuice,Japan government spokesperson: We're closely watching market moves with an extremely high sense of urgency
Mon Mar 30 07:06:35 +0000 2026,FinancialJuice,Two China-linked ships appear to attempt a second Hormuz transit
Mon Mar 30 06:47:53 +0000 2026,FinancialJuice,Socgen: Brent oil may average $125/bbl in April on Mideast war
Mon Mar 30 06:47:34 +0000 2026,FinancialJuice,Socgen sees ‘growing likelihood' Brent to top $150 on Iran war
Mon Mar 30 06:39:36 +0000 2026,FinancialJuice,BoJ: We need to pay attention to the possibility that upward pressures on prices from rising crude oil prices may have strengthened as firms have become more proactive in hiking prices and wages
Mon Mar 30 06:37:32 +0000 2026,FinancialJuice,"BoJ: The underlying inflation rate is rising moderately toward 2%. From the perspective of the sustainable achievement of 2% target, it will also be necessary to monitor whether underlying inflation becomes firmly anchored at around 2%"
Mon Mar 30 06:36:10 +0000 2026,FinancialJuice,BoJ: Firms continue to pass on higher wages. A mechanism in which wages and prices rise moderately in tandem has been taking hold
Mon Mar 30 06:35:55 +0000 2026,FinancialJuice,"BoJ: Output gap has been on an improving trend, labor market conditions remain extremely tight, and wages are rising moderately"
Mon Mar 30 06:35:40 +0000 2026,FinancialJuice,BoJ: Composite indicators on medium- to long-term inflation expectations show a gradual increase toward 2%
Mon Mar 30 06:33:38 +0000 2026,FinancialJuice,BoJ: Underlying inflation must be judged comprehensively by examining a wide range of information on economic activity and prices from multiple perspectives
Mon Mar 30 05:38:36 +0000 2026,FinancialJuice,"S&amp;P: We believe Japan has substantial ability to withstand supply shortages, given its large oil reserves of around eight months"
Mon Mar 30 05:37:52 +0000 2026,FinancialJuice,S&amp;P: Uncertainty over US tariff policies is likely to abate significantly following the agreement reached between the US and Japan
Mon Mar 30 05:34:07 +0000 2026,FinancialJuice,"S&amp;P: However, we believe Japan's fiscal deficit could widen over the next two years due to higher spending on investments and economic support measures"
Mon Mar 30 05:33:55 +0000 2026,FinancialJuice,S&amp;P: Strong revenue growth over the past three years has improved Japan's fiscal position faster than we had expected
Mon Mar 30 05:32:11 +0000 2026,FinancialJuice,"S&amp;PGR affirms Japan ratings at 'A+/A-1', outlook stable"
Mon Mar 30 04:33:55 +0000 2026,FinancialJuice,You guys know the drill 😂
Mon Mar 30 00:20:29 +0000 2026,FinancialJuice,Trump: I think we will make a deal with them pretty soon. It is possible that we will not.
Mon Mar 30 00:20:01 +0000 2026,FinancialJuice,Trump: Performing extremely well in negotiations with Iran
Mon Mar 30 00:19:27 +0000 2026,FinancialJuice,Trump: Provided us 20 large oil vessels through Strait of Hormuz starting tomorrow morning
Mon Mar 30 00:18:53 +0000 2026,FinancialJuice,Trump: Negotiating both directly and indirectly with Iran.
Fri Mar 27 23:48:18 +0000 2026,FinancialJuice,"US Official: Iran missile strike on base in Saudi Arabia injures 12 US troops, two seriously."
Fri Mar 27 23:38:53 +0000 2026,FinancialJuice,Trump: I guess we do not have to be there for NATO.
Fri Mar 27 21:44:32 +0000 2026,FinancialJuice,Iranian missile struck the Prince Sultan Air Base in Saudi Arabia on Friday injuring several US service members - WSJ
Fri Mar 27 21:44:19 +0000 2026,FinancialJuice,Trump on Iran: Iran must open Strait of Hormuz
Fri Mar 27 21:44:06 +0000 2026,FinancialJuice,Trump on Iran: They are negotiating
Fri Mar 27 21:08:56 +0000 2026,FinancialJuice,"Iranian missile struck the Prince Sultan Airbase in Saudi Arabia on Friday, damaging several US refueling aircraft - WSJ"
Fri Mar 27 20:44:41 +0000 2026,FinancialJuice,🔴 Houthis: We are going to intervene in the war if the Red Sea is used to attack Iran.
Fri Mar 27 20:44:28 +0000 2026,FinancialJuice,"Trump on Iran: They are being decimated, they are talking now."
Fri Mar 27 20:43:26 +0000 2026,FinancialJuice,🔴 Houthis: We are to intervene in the war if any alliance joins the US and Israel.
Fri Mar 27 20:28:14 +0000 2026,FinancialJuice,"Trump is getting a little bored with Iran. Not that he regrets it or something — he’s just bored and wants to move on - MSNow citing US Official.

https://t.co/ggJbwp8Z2A"
Fri Mar 27 20:26:12 +0000 2026,FinancialJuice,4:40 PM ET
Fri Mar 27 20:19:27 +0000 2026,FinancialJuice,"The statement from the Yemeni Armed Forces will be at 11:40 PM, shortly."
Fri Mar 27 20:17:27 +0000 2026,FinancialJuice,US-Iran discussions are not happening in Pakistan or Turkey for de-escalation this weekend - Asia One News Reporter.
Fri Mar 27 20:16:26 +0000 2026,FinancialJuice,US bank deposits rose to $18.883 tln from $18.876 tln in the prior week.
Fri Mar 27 20:11:33 +0000 2026,FinancialJuice,US Envoy Witkoff: Trump wants to reach a peace agreement but believes in peace through strength.
Fri Mar 27 20:10:33 +0000 2026,FinancialJuice,"Must permanently curb Iran's missile and drone capabilities and ensure global energy supplies are never again ""weaponised - 4 Gulf sources"
Fri Mar 27 20:10:20 +0000 2026,FinancialJuice,Gulf states said to US any deal with Iran should do more than end the war - 4 Gulf sources
Fri Mar 27 20:05:13 +0000 2026,FinancialJuice,US Envoy Witkoff on Iran: Enrichment and stockpiling are red lines for the US.
Fri Mar 27 20:04:38 +0000 2026,FinancialJuice,US Envoy Witkoff: We expect an answer from Iran on the US' 15-point plan.
Fri Mar 27 20:01:57 +0000 2026,FinancialJuice,US Envoy Witkoff: I think there will be Iran meetings this week. Trump wants a peace deal.
Fri Mar 27 20:00:35 +0000 2026,FinancialJuice,Reports pertaining to the Houthi entry into the conflict are unconfirmed – Open Source Intel
Fri Mar 27 19:55:11 +0000 2026,FinancialJuice,"Damn, son. Waiting for $200 oil😂"
Fri Mar 27 19:54:11 +0000 2026,FinancialJuice,Turkish Foreign Minister: The current negotiating positions of both sides differ from their positions before the war.
Fri Mar 27 19:53:05 +0000 2026,FinancialJuice,Turkish Foreign Minister: US coordinating with us on negotiations with Iran.
Fri Mar 27 19:52:03 +0000 2026,FinancialJuice,Turkish Foreign Minister: Negotiations between US and Tehran have started.
Fri Mar 27 19:50:39 +0000 2026,FinancialJuice,"MOC Imbalance

S&amp;P 500: -554 mln
Nasdaq 100: -841 mln
Dow 30: -111 mln
Mag 7: -372 mln"
Fri Mar 27 19:41:55 +0000 2026,FinancialJuice,Memory chip stocks shed $100 bln as AI-driven shortage trade unwinds - FT.
Fri Mar 27 19:33:12 +0000 2026,FinancialJuice,Iraq: We're working with US to prevent our territory from being used as a launching pad for attacks against Americans and coalition forces.
Fri Mar 27 19:31:53 +0000 2026,FinancialJuice,Iraq: Increasing cooperation with America to prevent terrorist attacks.
Fri Mar 27 19:31:08 +0000 2026,FinancialJuice,"CFTC Positions in the Week Ended March 24th
https://t.co/Mn9OtFWhAF"
Fri Mar 27 19:22:30 +0000 2026,FinancialJuice,"Monday FX Options Expiries
https://t.co/nYtxbGCYH2"
Fri Mar 27 19:20:25 +0000 2026,FinancialJuice,Houthis in Yemen officially announce entry into the conflict to support Iran - The Middle East
Fri Mar 27 19:15:51 +0000 2026,FinancialJuice,France and Britain are leading plans to escort vessels via Hormuz - NYT.
Fri Mar 27 19:13:21 +0000 2026,FinancialJuice,Europe drafting postwar plan to escort tankers - NYT.
Fri Mar 27 19:10:25 +0000 2026,FinancialJuice,Canada's International Trade Minister: EU and CPTPP agree to move forward with reaching historic digital trade agreement between both blocs.
Fri Mar 27 19:06:27 +0000 2026,FinancialJuice,"Explosions in Ahvaz and Dezful Iran, as well as at Sadrshimi Industries, a chemical subsidiary of Iran’s defense ministry, in Shiraz."
Fri Mar 27 19:05:12 +0000 2026,FinancialJuice,Musk joined Trump and Modi call on Tuesday about the Iran war - NYT.
Fri Mar 27 19:03:12 +0000 2026,FinancialJuice,Iranian Army drones strike major Israeli military logistics site - Press TV
Fri Mar 27 19:02:19 +0000 2026,FinancialJuice,"Volland SPX Spot-Vol Beta: 2.09
This gauge measures how much the VIX is reacting relative to the S&P 500’s price move. A reading of 2.09 suggests volatility is strongly over-reacting, meaning options traders are aggressively pricing in protection compared to the actual move in the index. In simple terms, fear pricing appears elevated relative to price action.

Spot-vol beta: how much VIX is over- or under-reacting to spot move. Vol Event study by @wizofops
Source: https://t.co/wR9hqXIoUG"
Fri Mar 27 18:56:00 +0000 2026,FinancialJuice,US Agriculture Sec. Rollins: Planning fertilizer-related announcement in next few days.
Fri Mar 27 18:55:12 +0000 2026,FinancialJuice,DHS: TSA workers will start seeing paychecks as early as Monday.
Fri Mar 27 18:54:07 +0000 2026,FinancialJuice,US Agriculture Sec. Rollins on Hormuz impact on fertilizer: I'm concerned about costs.
Fri Mar 27 18:50:17 +0000 2026,FinancialJuice,https://t.co/aeWRqkBvrI
Fri Mar 27 18:49:55 +0000 2026,FinancialJuice,Iran's Parliament Speaker Ghalibaf has emerged as a key figure in President Trump's push for peace talks with Tehran - Axios
Fri Mar 27 18:47:56 +0000 2026,FinancialJuice,Senior Iranian Official: Iran yet to decide whether to respond to US proposal because of attacks on industrial and nuclear infrastructure.
Fri Mar 27 18:45:40 +0000 2026,FinancialJuice,"Brent Crude futures settle at $112.57/bbl, up $4.56, 4.22%"
Fri Mar 27 18:42:33 +0000 2026,FinancialJuice,🔴 Senior Iranian Official: Iran's response to US proposal had originally been expected to be delivered on Friday or Saturday.
Fri Mar 27 18:42:14 +0000 2026,FinancialJuice,Senior Iranian official tells source: Tehran has yet to decide whether to respond to U.S. proposal because of attacks on industrial and nuclear infrastructure
Fri Mar 27 18:41:58 +0000 2026,FinancialJuice,Senior Iranian Official: US action of launching attacks on Iran while simultaneously calling for talks is intolerable
Fri Mar 27 18:35:31 +0000 2026,FinancialJuice,Trump directs DHS Secretary and OMB director to compensate TSA employees - White House memo
Fri Mar 27 18:33:17 +0000 2026,FinancialJuice,Trump tells DHS and OMB to use funds with 'Logical Nexus' for TSA.
Fri Mar 27 18:32:45 +0000 2026,FinancialJuice,"NYMEX Diesel Apr. futures settle at $4.4955 a gallon

NYMEX Gasoline Apr. futures settle at $3.2501 a gallon

NYMEX WTI Crude May futures settle at $99.64 a barrel up $5.16, 5.46%

NYMEX Nat Gas Apr. futures settle at $3.0950/MMBTU"
Fri Mar 27 18:29:01 +0000 2026,FinancialJuice,IAEA informed by Iran that the Yellow Cake production facility in Yazd was attacked today.
Fri Mar 27 18:23:55 +0000 2026,FinancialJuice,US House Speaker Johnson: We're planning vote on DHS stopgap bill as soon as possible.
Fri Mar 27 18:23:20 +0000 2026,FinancialJuice,"IAEA on Shahid Rezayee Nejad yellow cake production facility: No increase in off-site radiation levels reported, the International Atomic Energy Agency is looking into the report."
Fri Mar 27 18:22:31 +0000 2026,FinancialJuice,IAEA has been informed by Iran that the Shahid Rezayee Nejad Yellow Cake production facility in Yazd province also known as Ardakan was attacked today
Fri Mar 27 18:21:10 +0000 2026,FinancialJuice,"US House Speaker Johnson: House to vote to restore Homeland Security funding until late May, creating contrast with bill that passed the Senate."
Fri Mar 27 18:19:38 +0000 2026,FinancialJuice,US House Speaker Johnson: I will offer simple stopgap to fund DHS until May 22nd.
Fri Mar 27 18:18:40 +0000 2026,FinancialJuice,Oracle credit default swaps near 2008 record closing high. $ORCL
Fri Mar 27 18:17:52 +0000 2026,FinancialJuice,Trump: Going to make a speech on economics. Our military operation in iran is going great - Truth Social.
Fri Mar 27 18:00:55 +0000 2026,FinancialJuice,Iran’s Foreign Minister Araghchi: Attack on Iranian steel factories contradicts POTUS' extended deadline for diplomacy. Iran will exact a heavy price for Israeli crimes.
Fri Mar 27 17:57:26 +0000 2026,FinancialJuice,An important statement from the Yemeni Armed Forces is expected in the coming hours - Al-Masirah News.
Fri Mar 27 17:46:22 +0000 2026,FinancialJuice,"$GOOGL
Google nears a deal to help finance multibillion-dollar data centre leased to Anthropic - FT 

Google plans to throw its financial support behind a multibillion-dollar data centre project in Texas, leased to Anthropic, as it builds out its infrastructure deal with the AI lab.
Backing from Google, expected to be finalised in the coming weeks, would include the search giant offering construction loans for Nexus Data Centers, the site’s operator, according to people familiar with the matter.
https://t.co/JSNWRb4eZf"
Fri Mar 27 17:45:01 +0000 2026,FinancialJuice,Google nears deal to help finance an Anthropic data center - FT. $GOOGL
Fri Mar 27 17:24:13 +0000 2026,FinancialJuice,Iran Revolutionary Guards targeted US-Israeli forces in Kuwait's Bubiyan Island - State TV.
Fri Mar 27 17:17:15 +0000 2026,FinancialJuice,"France's Finance Minister Lescure: France has so far released 580,000 barrels of oil out of the amount pledged by France as part of the IEA's release of strategic stockpiles to deal with the Middle East crisis."
Fri Mar 27 17:15:00 +0000 2026,FinancialJuice,France's Finance Minister Lescure: Energy aid won't require a new budget.
Fri Mar 27 17:13:41 +0000 2026,FinancialJuice,ECB's Schnabel: The scale of the fiscal response will be important.
Fri Mar 27 17:07:39 +0000 2026,FinancialJuice,🔴 The US signals to allies no immediate plans for an Iran invasion.
Fri Mar 27 17:03:33 +0000 2026,FinancialJuice,ECB's Schnabel: The ECB is monitoring inflation expectations and the price-setting.
Fri Mar 27 17:02:00 +0000 2026,FinancialJuice,🔴 US Secretary of State Rubio claimed that the US is close to holding serious talks with Iran - Axios.
Fri Mar 27 17:01:09 +0000 2026,FinancialJuice,"US Baker Hughes Total Rig Count Actual 543 (Forecast 554, Previous 552)

US Baker Hughes Oil Rig Count Actual 409 (Forecast -, Previous 414)"
Fri Mar 27 17:00:44 +0000 2026,FinancialJuice,Israeli Military has struck a uranium extraction facility from ore located in Yazd in central Iran - Statement.
Fri Mar 27 16:58:03 +0000 2026,FinancialJuice,Trump: We're announcing new guidelines on diesel.
Fri Mar 27 16:54:15 +0000 2026,FinancialJuice,Trump: I am requesting additional farm relief for farmers.
Fri Mar 27 16:51:53 +0000 2026,FinancialJuice,Germany’s Chancellor Merz: German contribution in resolving the crisis is an option.
Fri Mar 27 16:50:54 +0000 2026,FinancialJuice,US Secretary of State Rubio: sanctions relief on Russian crude is not a permanent policy for United States.
Fri Mar 27 16:50:44 +0000 2026,FinancialJuice,"The FBI confirms hackers targeted FBI Director Patel's emails, and a pro-Iran group takes credit for compromising Patel's account."
Fri Mar 27 16:48:50 +0000 2026,FinancialJuice,ECB's Schnabel: We shouldn't overreact to the current situation.
Fri Mar 27 16:48:13 +0000 2026,FinancialJuice,"US Secretary of State Rubio: Countries that would be most impacted by tolling should do something, I received a good reception on that at the G7."
Fri Mar 27 16:47:57 +0000 2026,FinancialJuice,US Secretary of State Rubio: Iranian tolling of the Strait of Hormuz would not be acceptable.
Fri Mar 27 16:47:16 +0000 2026,FinancialJuice,US Secretary of State Rubio: Iranian tolling of the Strait of Hormuz would not be acceptable
Fri Mar 27 16:47:08 +0000 2026,FinancialJuice,🔴 US Secretary of State Rubio: We expect a response from Iran today or tomorrow.
Fri Mar 27 16:46:51 +0000 2026,FinancialJuice,US Secretary of State Rubio: We had an exchange of messages and indications from the Iranian system about a willingness to talk about certain things.
Fri Mar 27 16:46:24 +0000 2026,FinancialJuice,Israeli Military has struck the Heavy Water Plant in Arak in central Iran a short while ago - Statement.
Fri Mar 27 16:45:56 +0000 2026,FinancialJuice,US Secretary of State Rubio: We are waiting for further clarification on who we will be talking to on Iran negotiations.
Fri Mar 27 16:44:53 +0000 2026,FinancialJuice,US Secretary of State Rubio: We can achieve our goals in Iran without any ground troops.
Fri Mar 27 16:44:46 +0000 2026,FinancialJuice,US Secretary of State Rubio: There isn't a naval blockade surrounding Cuba. The reason for the blackouts is old equipment that has not been maintained.
Fri Mar 27 16:44:13 +0000 2026,FinancialJuice,"The Royal Navy has been authorized to step up hostile action against the Russian Shadow Fleet in the waters of the UK, with PM Starmer ordering warships, commandos, and law enforcement to stop and board tankers suspected of evading sanctions imposed on Russia - Navy Lookout."
Fri Mar 27 16:43:49 +0000 2026,FinancialJuice,ECB's Schnabel: No central bank wants to repeat the 2022 experience.
Fri Mar 27 16:42:32 +0000 2026,FinancialJuice,US House GOP plans to vote on an 8-week stopgap on DHS funding.
Fri Mar 27 16:41:36 +0000 2026,FinancialJuice,"US Secretary of State Rubio: Aid to Ukraine is not contingent on giving up Donbas, and Zelenskiy was told security guarantees come only after there is an end to the war."
Fri Mar 27 16:41:09 +0000 2026,FinancialJuice,US Secretary of State Rubio: Ukraine’s President Zelenskiy's comments on Thursday about supposed us demands for Ukrainian concessions were a lie.
Fri Mar 27 16:39:43 +0000 2026,FinancialJuice,US Secretary of State Rubio: There is nothing that Russia is doing for Iran that impedes our operation.
Fri Mar 27 16:38:54 +0000 2026,FinancialJuice,🔴 US Secretary of State Rubio told G7 foreign ministers today that the war with Iran will continue for another 2-4 weeks - Axios reporter on X.
Fri Mar 27 16:38:20 +0000 2026,FinancialJuice,German Chancellor Merz: We have to accept that Germany's old business model no longer works.
Fri Mar 27 16:37:53 +0000 2026,FinancialJuice,US Trade Representative Greer: The goal remains economic stability and balanced trade with China.
Fri Mar 27 16:37:29 +0000 2026,FinancialJuice,US Secretary of State Rubio: There are no meetings scheduled as of now on Russia-Ukraine.
Fri Mar 27 16:36:34 +0000 2026,FinancialJuice,EU Commission: We discussed preparedness in case of a long disruption.
Fri Mar 27 16:35:36 +0000 2026,FinancialJuice,US Trade Representative Greer: China probes are symbolic.
Fri Mar 27 16:35:29 +0000 2026,FinancialJuice,"Traders trim ECB rate wagers, and now see 50% chance of hike in April."
Fri Mar 27 16:35:07 +0000 2026,FinancialJuice,EU Commission: Oil and gas security of supply stable for the moment.
Fri Mar 27 16:34:49 +0000 2026,FinancialJuice,The decision to ban gasoline exports for russian producers from April 1st for 6 months has been made - Tass.
Fri Mar 27 16:33:28 +0000 2026,FinancialJuice,US Secretary of State Rubio: Iran may decide to set up a tolling system on the Strait of Hormuz.
Fri Mar 27 16:33:11 +0000 2026,FinancialJuice,"US Secretary of State Rubio: We expect the Iran operation to conclude at the appropriate time, we are talking weeks, not months."
Fri Mar 27 16:32:19 +0000 2026,FinancialJuice,US Secretary of State Rubio: We had a really good meeting at the G7.
Fri Mar 27 16:31:58 +0000 2026,FinancialJuice,The UN spokesperson: The UN has established a task force to create a new mechanism for the Strait of Hormuz to facilitate fertilizer trade and the movement of related raw materials.
Fri Mar 27 16:29:20 +0000 2026,FinancialJuice,ECB's Schnabel: There is no need to rush into action. We have time to analyze data.
Fri Mar 27 16:28:10 +0000 2026,FinancialJuice,"US Secretary of State Rubio did not ask the G7 to contribute ships to clear the Strait of Hormuz now, but asked them to prepare for a postwar role - Three people familiar with talks."
Fri Mar 27 16:28:00 +0000 2026,FinancialJuice,US Secretary of State Rubio told G7 counterparts the Iran war should end in a matter of weeks - Three people familiar with the talks.
Fri Mar 27 16:27:55 +0000 2026,FinancialJuice,Russia may introduce a ban on gasoline exports for producers from april 1st - Tass.
Fri Mar 27 16:22:29 +0000 2026,FinancialJuice,🔴 Iran's IRGC warns US-linked and Israel-allied industrial companies and heavy industries in the region to evacuate workplaces - Iranian Media.
Fri Mar 27 16:18:16 +0000 2026,FinancialJuice,The US held talks with firms about scrapping offshore wind leases - FT.
Fri Mar 27 16:16:17 +0000 2026,FinancialJuice,US House Speaker Johnson is not planning a vote on the Senate-passed DHS bill - Axios.
Fri Mar 27 16:15:09 +0000 2026,FinancialJuice,White House Official: SBA is opening up new loan guarantees for farmers and food suppliers.
Fri Mar 27 16:14:58 +0000 2026,FinancialJuice,White House Official: The Small Business Administration is offering a 90% grocery guarantee on loans for small businesses in the agriculture and logistics industries.
Fri Mar 27 16:13:54 +0000 2026,FinancialJuice,US House Speaker Johnson is going to put short-term DHS funding on the floor - Axios.
Fri Mar 27 16:12:12 +0000 2026,FinancialJuice,Fed's Paulson: It is very valuable that long-run inflation expectations are anchored.
Fri Mar 27 16:11:18 +0000 2026,FinancialJuice,ECB's Schnabel: We're facing a massive energy-price shock.
Fri Mar 27 16:11:06 +0000 2026,FinancialJuice,US Official: Indian refiners have bought about 60 mln barrels of Russian oil for April delivery - Fox Reporter on X
Fri Mar 27 16:08:49 +0000 2026,FinancialJuice,"Volland SPX Dealer Premium: $371.42B
This widget shows the total option premium dealers have collected from open positions. Net dealer premium stands at roughly $371.42B, signaling an exceptionally large premium cushion embedded across SPX options positioning.

0DTE premium is about $9.42B today, reflecting very heavy same-day options activity that can significantly amplify intraday market sensitivity and flow-driven moves.

Net premiums collected by dealers from all open positions / 0DTE premiums represent the total premiums collected by dealers today @wizofops
Source: https://t.co/wR9hqXIoUG"
Fri Mar 27 16:07:38 +0000 2026,FinancialJuice,Fed's Paulson: The job market does not feel robust.
Fri Mar 27 16:07:23 +0000 2026,FinancialJuice,"Fed's Paulson: To me, it feels like the job market is fragile."
Fri Mar 27 16:06:43 +0000 2026,FinancialJuice,"Fed's Paulson: Bending, but not breaking, is still how to view the job market."
Fri Mar 27 16:06:26 +0000 2026,FinancialJuice,Fed's Paulson: low wage pressures reduce concern around inflation.
Fri Mar 27 16:05:37 +0000 2026,FinancialJuice,House Minority Leader Jeffries sees overwhelming support for the Senate-passed DHS bill.
Fri Mar 27 16:04:54 +0000 2026,FinancialJuice,Fed's Paulson: The economy is not creating a lot of jobs right now.
Fri Mar 27 16:04:43 +0000 2026,FinancialJuice,Fed's Paulson: There is a risk that a series of supply shocks drives up inflation.
Fri Mar 27 16:03:37 +0000 2026,FinancialJuice,Fed's Paulson: There's more risk of a faster shift from oil prices into inflation expectations.
Fri Mar 27 16:03:23 +0000 2026,FinancialJuice,Fed's Paulson: The impact of the Iran war comes as inflation has been high.
Fri Mar 27 16:03:08 +0000 2026,FinancialJuice,"ECB's Schnabel presentation Slides
https://t.co/CkmKtlx8IH"
Fri Mar 27 16:02:01 +0000 2026,FinancialJuice,Fed's Paulson: It is useful to consider different scenarios around the Iran war.
Fri Mar 27 15:59:49 +0000 2026,FinancialJuice,🔴 Iran warns of attacks on steel plants in the Gulf and Israel - Tasnim.
Fri Mar 27 15:58:09 +0000 2026,FinancialJuice,Air attack kills 2 and injures 2 at the Firouzabad cement plant in southern Fars province - State News Agency IRNA.
Fri Mar 27 15:53:21 +0000 2026,FinancialJuice,"Iran's Yellowcake factory in Ardakan has been bombed, no release of radioactive materials outside the complex - Iranian Media."
Fri Mar 27 15:50:43 +0000 2026,FinancialJuice,Iran: There is no risk of radiation leak at the Khondab site - IRNA.
Fri Mar 27 15:45:48 +0000 2026,FinancialJuice,Trump will release the full fiscal year 2027 budget request on April 3rd.
Fri Mar 27 15:42:05 +0000 2026,FinancialJuice,Iran's industrial unit in Arak targeted in airstrikes - Tasnim
Fri Mar 27 15:39:50 +0000 2026,FinancialJuice,"France’s Barrot: once the peak of the hostilities is over, there will be a system of escorts for tankers. An international mission will then be needed."
Fri Mar 27 15:39:23 +0000 2026,FinancialJuice,France’s Barrot on whether the US made any requests to the G7 regarding Hormuz: Our objectives are shared.
Fri Mar 27 15:37:00 +0000 2026,FinancialJuice,"Fars News Agency, quoting an official: Iran's Arak heavy water research reactor has been targeted."
Fri Mar 27 15:33:48 +0000 2026,FinancialJuice,"French Foreign Minister Barrot: I do not want to speak on behalf of US Secretary of State Rubio, but Rubio suggested that the US's objective was to destroy Iran's ballistic capabilities."
Fri Mar 27 15:31:29 +0000 2026,FinancialJuice,Fed's Paulson: It is unclear how much AI is driving higher productivity so far.
Fri Mar 27 15:31:12 +0000 2026,FinancialJuice,Fed's Paulson: Above-target inflation would complicate the Fed's response to growth driven by artificial intelligence.
Fri Mar 27 15:30:54 +0000 2026,FinancialJuice,"Fed's Paulson: Inflation levels are still too high, and inflation expectations are fragile."
Fri Mar 27 15:30:35 +0000 2026,FinancialJuice,Fed's Paulson: the Iran war creates risks for growth and inflation.
Fri Mar 27 15:30:23 +0000 2026,FinancialJuice,Fed's Paulson: The Fed has made notable progress in bringing inflation down.
Fri Mar 27 15:29:24 +0000 2026,FinancialJuice,"Pakistan in direct contact with Iran's security establishment that controls the nation, not just the Foreign Ministry - regional source cited by CBS Reporter."
Fri Mar 27 15:26:26 +0000 2026,FinancialJuice,"🔴 White House officials cautiously hopeful  latest talks with Iran are making progress, sources familiar with the talks   - CBS Reporter"
Fri Mar 27 15:22:26 +0000 2026,FinancialJuice,"QatarEnergy's Edison: We won't deliver 10 LNG cargoes for April-June - Statement

Edison: QatarEnergy extends force majeure until mid-June."
Fri Mar 27 15:20:43 +0000 2026,FinancialJuice,"US officials tell allies Iran war could delay Ukraine weapons shipments - Politico 

The warning comes as the U.S. burns through air defense interceptors and other weapons in its military campaign against Tehran.
https://t.co/bH4PEy3uh7"
Fri Mar 27 15:18:09 +0000 2026,FinancialJuice,Iran's Khondab Heavy Water research reactor targeted in air attack - Official tells Fars news.
Fri Mar 27 15:16:07 +0000 2026,FinancialJuice,Iran response to the US peace proposal expected later Friday - CBS Reporter citing sources familiar with the matter.
Fri Mar 27 15:13:09 +0000 2026,FinancialJuice,Saudi Arabia and Ukraine sign a defence procurement memorandum - State News Agency.
Fri Mar 27 15:02:55 +0000 2026,FinancialJuice,"Fed's Barkin: The unemployment rate is low, but the labor market feels fragile. Firms see little wage pressure and multiple applicants for each job."
Fri Mar 27 15:02:18 +0000 2026,FinancialJuice,Fed's Barkin: I will be watching inflation and expectations data carefully.
Fri Mar 27 15:02:06 +0000 2026,FinancialJuice,Damages at the Mobarakah plant hit in strikes being examined - ISNA
Fri Mar 27 15:02:04 +0000 2026,FinancialJuice,"Fed's Barkin: Higher gasoline prices hit consumer sentiment, can crowd out other spending."
Fri Mar 27 15:01:54 +0000 2026,FinancialJuice,"Fed's Barkin: Even before the oil shock, progress on inflation was at risk of stalling."
Fri Mar 27 15:01:42 +0000 2026,FinancialJuice,Fed's Barkin: The war and fast changes due to Artificial Intelligence have again clouded the economic outlook.
Fri Mar 27 15:01:13 +0000 2026,FinancialJuice,Fed's Barkin: The pace and uncertainty of changes around AI have made a lot of Fed officials uneasy.
Fri Mar 27 15:00:31 +0000 2026,FinancialJuice,Iran's Mobarakeh Steel: Part of power facilities and steelmaking area hit situation under control - ISNA.
Fri Mar 27 14:51:07 +0000 2026,FinancialJuice,"https://t.co/LlTd5pPYYa &gt; Join our beta test 

real-time stock spike alerts (FX, futures etc too ) https://t.co/m7IcYFAj3h"
Fri Mar 27 14:49:18 +0000 2026,FinancialJuice,A tanker carrying Russia-origin fuel originally bound for Cuba arrived in Venezuelan waters - Ship Monitoring Data.
Fri Mar 27 14:45:54 +0000 2026,FinancialJuice,G7 Foreign Ministers: We are focused on supporting initiatives to mitigate global economic shocks.
Fri Mar 27 14:45:33 +0000 2026,FinancialJuice,EU Energy ministers are to hold a video call on Tuesday on the Iran war's impact on energy security - Spokesperson for Cyprus's EU Presidency.
Fri Mar 27 14:44:25 +0000 2026,FinancialJuice,Germany's Foreign Minister Wadephul: We're facing massive security risks - G7 Meeting.
Fri Mar 27 14:43:48 +0000 2026,FinancialJuice,EU Energy Ministers are to discuss the Iran crisis on Tuesday via a video call.
Fri Mar 27 14:40:33 +0000 2026,FinancialJuice,Fear &amp; Greed Index: 16/100 - Extreme Fear https://t.co/RbWZrKONjv
Fri Mar 27 14:19:18 +0000 2026,FinancialJuice,Crypto Fear &amp; Greed Index: 13/100 - Extreme Fear https://t.co/tEE3vx4Pvx
Fri Mar 27 14:00:26 +0000 2026,FinancialJuice,"University Michigan Expectations Final Actual 51.7 (Forecast 50.9, Previous 54.1)"
Fri Mar 27 14:00:19 +0000 2026,FinancialJuice,"University Michigan 5 Yr Inflation Final Actual 3.2% (Forecast 3.5%, Previous 3.2%)"
Fri Mar 27 14:00:15 +0000 2026,FinancialJuice,"University Michigan 1 Yr Inflation Final Actual 3.8% (Forecast 3.6%, Previous 3.4%)"
Fri Mar 27 14:00:11 +0000 2026,FinancialJuice,"University Michigan Conditions Final Actual 55.8 (Forecast 56.9, Previous 57.8)"
Fri Mar 27 14:00:06 +0000 2026,FinancialJuice,"University Michigan Sentiment Final Actual 53.3 (Forecast 54, Previous 55.5)"
Fri Mar 27 13:50:05 +0000 2026,FinancialJuice,Iran: Steel plants in Isfahan targeted by US-Israel strikes.
Fri Mar 27 13:34:28 +0000 2026,FinancialJuice,This morning's big movers. https://t.co/LlTd5pPYYa https://t.co/b83YFjmnb4
Fri Mar 27 13:30:44 +0000 2026,FinancialJuice,"MOO Imbalance

S&amp;P 500: -20 mln
Nasdaq 100: +146 mln
Dow 30: -35 mln
Mag 7: +164 mln"
Fri Mar 27 13:17:35 +0000 2026,FinancialJuice,Russian oil producers warn buyers about possible force majeure on oil supplies as Baltic ports face drone attacks - Sources
Fri Mar 27 13:12:06 +0000 2026,FinancialJuice,US-Israeli air attacks target steel plants in southwestern Iran and in the central city of Isfahan - Semi-official news agency Mehr
Fri Mar 27 13:05:22 +0000 2026,FinancialJuice,"US Intelligence: Another third of Iran's missiles likely damaged, destroyed or buried underground by strikes since February 28 start of war - Four Sources."
Fri Mar 27 13:03:59 +0000 2026,FinancialJuice,US intelligence shows about 1/3 of Iran's missiles destroyed in US strikes with certainty - Five sources
Fri Mar 27 13:00:47 +0000 2026,FinancialJuice,Meta funds 7 Entergy gas plants to power the biggest data center. $META
Fri Mar 27 12:59:51 +0000 2026,FinancialJuice,Effective fed funds rate: 3.64% March 26th vs. 3.64% March 25th
Fri Mar 27 12:55:43 +0000 2026,FinancialJuice,"Republican Rep. Arrington: Expect house to pass DHS funding, maybe today"
Fri Mar 27 12:47:09 +0000 2026,FinancialJuice,"Israel's Channel 12: Trump's deputy Vance said Netanyahu's assessments on the overthrow of the Tehran regime were ""optimistic""."
Fri Mar 27 12:44:53 +0000 2026,FinancialJuice,Israel's Channel 12: Trump's Vice President Vance participated in indirect contacts with the Iranians.
Fri Mar 27 12:31:33 +0000 2026,FinancialJuice,"EU's Dombrovskis: Any national response to higher energy prices must be targeted, temporary, not boost demand for oil and gas, and continue to decarbonise the economy"
Fri Mar 27 12:29:33 +0000 2026,FinancialJuice,German centre-right lawmaker Mueller: Bringing coal-fired power stations out of reserve is being considered
Fri Mar 27 12:29:08 +0000 2026,FinancialJuice,EU's Economy Commissioner Dombrovskis: The EU is at risk of stagflationary shock
Fri Mar 27 12:27:37 +0000 2026,FinancialJuice,"German Centre-Left Lawmaker: Coalition working group instructs government to examine further relief measures, including windfall tax, price caps, reduction in energy tax."
Fri Mar 27 12:00:07 +0000 2026,FinancialJuice,Secured overnight financing rate: 3.65% March 26th vs 3.64% March 25th
Fri Mar 27 11:57:53 +0000 2026,FinancialJuice,ECB's Dolenc: ECB baseline may no longer be realistic
Fri Mar 27 11:57:11 +0000 2026,FinancialJuice,EU commission sees longer conflict cutting 0.4-0.6pp off growth
Fri Mar 27 11:57:11 +0000 2026,FinancialJuice,EU sees longer conflict pushing inflation 1.1%-1.5% higher.
Fri Mar 27 11:44:36 +0000 2026,FinancialJuice,ECB's Wunsch: I am comfortable with what I see in the market
Fri Mar 27 11:43:01 +0000 2026,FinancialJuice,"ECB's Wunsch: If the economy weakens fast, 2nd round effects are limited"
Fri Mar 27 11:42:16 +0000 2026,FinancialJuice,"ECB's Wunsch: If conflict is not over by June, ECB action looks probable"
